Nombre,Marca,Categoría,Especie,Formato,Precio,Precio anterior,Descripción breve,Descripción larga,Ingredientes,Imagen,Destacado,Nuevo
Pienso Sum Sum Pollo y Ternera,Sum Sum,pienso-perros,perro,14 kg,32.90,,Dog#1 SumSum pollo y ternera para perro adulto todas las razas.,Dog#1 SumSum pollo y ternera para perro adulto todas las razas. Protectores articulares. 70% proteína animal. Alta digestibilidad. Articulaciones y huesos fuertes. Alta palatabilidad. Protección de manto y pelaje. Saco 14kg.,"Pollo deshidratado 26%, ternera deshidratada 17%, arroz integral 17%, aceite de cerdo ibérico, cebada integral, harinas de origen vegetal, hígado de pollo 3%, aceite de oliva 2%, manzana 2%, zanahoria 2%, hinojo 1%, calabaza 1%, orégano, canela, clavo, tomillo, romero, equinácea purpúrea, protectores hepáticos (cardo mariano, boldo, aceite de camelina), miel 0,5%, té verde 0,1%, protectores articulares (condroitina 600mg/kg, colágeno y glucosamina 900mg/kg), levaduras, vitaminas, oligoelementos y conservantes naturales.",https://dapac.es/5556-large_default/DOG_1_Sum_Sum_Adulto_Chicken_and_Beef__pollo_y_ternera__14kg___ARROYO_ARROYO.jpg,,
Pienso Sum Sum Atún y Salmón,Sum Sum,pienso-perros,perro,14 kg,34.90,,Alimento premium completo para perros adultos de todas las razas. Receta de atún y salmón.,Alimento completo premium para perros adultos de todas las razas. La receta es de atún (ingrediente principal) y salmón. Croquetas cocinadas en pequeñas hornadas para mejorar la palatabilidad de sus ingredientes.,"Atún deshidratado 12%, salmón deshidratado 10%, cerdo deshidratado, arroz integral 8%, manteca de cerdo ibérico, arroz, harinas vegetales, cebada integral, hígado de pollo 3%, aceite de pescado 2%, manzana 2%, miel, orégano, canela, clavo, tomillo, romero, té verde, equinácea purpúrea, protectores hepáticos (cardo mariano, boldo y aceite de camelina). Glucosamina 900 mg/kg, condroitina 600 mg/kg).",https://dapac.es/2745-large_default/DOG_1_Sum_Sum_Fish_Power_14kg___ARROYO_ARROYO.jpg,,
Pienso Sum Sum Cerdo Ibérico y Arroz,Sum Sum,pienso-perros,perro,14 kg,34.90,,Alimento completo para perros adultos de todas las razas. Receta de cerdo ibérico y arroz integral.,Alimento completo para perros adultos de todas las razas. Receta de cerdo ibérico y arroz integral. 70% proteína animal. 40% cerdo ibérico y arroz integral 12% (mucho más digestible que el arroz normal). Monoproteico. Alta palatabilidad. Protege articulaciones y huesos (condro protectores). Alta digestibilidad. Boca y dientes más sanos. Refuerza su sistema inmunitario. Formato 14 kg.,"Cerdo ibérico 40%, arroz integral 12%, harinas de origen vegetal, maíz, manteca de cerdo ibérico, hígado de cerdo, cebada integral, manzana. SUPER COMPLEX: miel, orégano, canela, clavo, tomillo, romero, té verde, equinácea purpúrea, digestive support (cardo mariano, boldo y aceite de camelina).",https://dapac.es/3563-large_default/DOG_1_Sum_Sum_Pork_Gourmet__cerdo_iberico__14kg___ARROYO_ARROYO.jpg,,
Pienso Sum Sum Pollo y Cordero Senior Light,Sum Sum,pienso-perros,perro,14 kg,32.90,,Alimento seco light para perros senior o esterilizados con tendencia al sobrepeso.,"• Control de Peso: Receta light con grasa moderada (11%) y fibra saciante.
• Soporte Articular: Enriquecido con glucosamina, condroitina y colágeno.
• Alta Calidad: 65% de proteína animal para mantener la masa muscular.
• Salud Hepática: Incluye protectores naturales como cardo mariano y boldo.","Pollo deshidratado (21%), ternera deshidratada (14%), arroz integral (20%), cebada integral (7%), hígado de pollo, aceite de cerdo ibérico y aceite de oliva.",https://dapac.es/5552-large_default/DOG-1-Sum-Sum-Light-Mature-Chicken-and-Beef-pollo-y-ternera-14kg---ARROYO.jpg,,
Pienso Sum Sum Salmón y Patata Cachorro,Sum Sum,pienso-perros,perro,14 kg,37.90,,Ofrece los mejores ingredientes para adaptarse a las necesidades de los cachorros.,Dog-1 SUM SUM FÓRMULA PARA CACHORROS. Ofrece los mejores ingredientes para adaptarse a las necesidades de los cachorros.Ingredientes naturales.,"Salmón deshidratado 22%, arroz integral entero, aceite de cerdo ibérico, pollo deshidratado, patata 12%, cebada integral, aceite de salmón, algarroba 3%, hidrolizado de hígado, SUPER LIFE COMPLEX 4%: huevo, alga espirulina, espinaca, manzana, orégano, canela ceylán, clavo, tomillo, romero, cúrcuma, comino, equinácea, té verde, protectores hepáticos (cardo mariano, extracto de yucca schidigera, extracto de bolbo y aceite de camelia), miel, protectores articulares (condroitín sulfato, colágeno y glucosamina), levaduras, vitaminas, prebióticos (manano-oligosacáridos (MOS), fructo-oligosacáridos (FOS)) y oligoelementos",https://dapac.es/3761-large_default/DOG_1_SumSum_Puppy_12_kg___ARROYO.jpg,,
Pienso Sum Sum Atún y Salmón SIN Cereal,Sum Sum,pienso-perros,perro,12 kg,42.90,,Pienso SIN CEREAL (Hipoalergénico),"Alimento completo para perros adultos de todas las razas. Receta de salmón y atún SIN CEREALES (libre de soja, maíz y cereales). 75% proteína animal. 51% pescado azul. 15% salmón fresco. Receta hipoalergénica. Alta digestibilidad. Protege articulaciones y huesos (condroitina600 mg/kg, colágeno y glucosamina 900mg/kg) Paladares sensibles. Sabor gourmet. Formato 12 kg.","Pescado azul 51% (salmón deshidratado 21%, salmón fresco 15%, atún deshidratado 15%), patata 15%, grasa animal, aceite de salmón (fuente de ácidos grasos Omega 3 EPA+DHA), remolacha, algarroba, manzana 2%, arándanos, huevo, guisantes, algas, bayas de goji, protectores articulares (condroitina600 mg/kg, colágeno y glucosamina 900mg/kg), levaduras (fuente de MOS), vitaminas, FOS, oligoelementos y conservantes naturales. SUPER LIFE COMPELX 2%: miel, orégano, canela, clavo, tomillo, romero, té verde, equinácea purpúrea, apoyo digestivo (cardo mariano, extracto de yucca schidigera, boldo y aceite de camelina).",https://dapac.es/3685-large_default/DOG_1_Sum_Sum_Grain_Free_salmon_y_tuna_recipe_12_kg___ARROYO_ARROYO.jpg,,
Pienso Fresh Pollo y Arroz (bajo cereal),Fresh,pienso-perros,perro,12 kg,39.90,,Nueva receta sin trigo. Alimento completo indicado para perros adultos de cualquier raza.,"Nueva receta sin trigo. Alimento completo indicado para perros adultos de cualquier raza. Receta basada en 100% proteína animal, 50% total pollo y 20% pollo fresco. Monoproteico e hipoalergénico. Bajo contenido en cereales. Formato 12 kg.

Tamaño de la croqueta: 18 mm. ","Pollo deshidratado, pollo fresco (Después de extrusión) 20%, arroz integral 15%, maíz, salvado de arroz, cebada y aceite de pollo. La receta se completa con guisantes, manzana, remolacha, zanahoria, aceite de oliva (0,3%) y Yucca schidigera para reducir el olor de las heces.",https://dapac.es/3933-large_default/Fresh-mediterranean-blend-adult-complete-12kg.jpg,,
Pienso Fresh Salmón y Patata (bajo cereal),Fresh,pienso-perros,perro,12 kg,44.90,,Alimento completo para perros adultos de todas las razas. Receta de salmón y patata. HIPOALERGÉNICO.,Alimento completo para perros adultos de todas las razas. Receta de salmón y patata. 100% proteína animal. 50% total salmón. 20% salmón fresco. No contiene harina de carne o pescado. Formato de 12 kg. Tamaño de la croqueta: 15 mm. Este producto incluye la pegatina de precio.,"Salmón deshidratado, salmón fresco (Después de la extrusión) 20%, patata 18%, arroz entero 6%, maíz entero, grasa animal, hidrolizado de salmón, guisantes 3%, remolacha 2%, levaduras (fuente de MOS), zanahoria 1%, manzana 1%, aceite de oliva, inulina (fuente de FOS), sustancias minerales y Yucca schidigera.",https://dapac.es/3832-large_default/Fresh-mediterranean-blend-adult-sensitive-12kg.jpg,,
Pienso Fresh Pollo y Arroz Adult Mini,Fresh,pienso-perros,perro,7 kg,25.90,,Fresh Adult Mini Mediterranean Blend. Bajo en cereal y monoproteico para perros de razas pequeñas,"Alimento completo y equilibrado especialmente diseñado para perros adultos de razas pequeñas y mini, incluyendo Yorkshire Terrier, Chihuahua, Maltés, Pomerania, Bichón Frisé, Pinscher Miniatura y Dachshund. Su receta mediterránea combina pollo fresco con ingredientes naturales como manzana, zanahoria y aceite de oliva. Los prebióticos FOS y MOS, junto a la Yucca schidigera, favorecen una flora intestinal sana y reducen el olor de las heces, muy importante en razas que viven en casa. Croqueta de 7mm adaptada para mandíbulas pequeñas.","Pollo deshidratado, Pollo fresco (después de la extrusión) 20%*, Cebada*, Arroz integral 13%*, Maíz*, Salvado de arroz, Grasa de ave (Omega 6), Guisantes 2,5%*, Remolacha 2%*, Hígado de ave hidrolizado 2%, Zanahoria 0,5%*, Manzana 0,5%*, Aceite de pescado, Levaduras (MOS), Aceite de oliva 0,1%, Chicoria (FOS) 1000 mg/kg*, Minerales y Yucca schidigera*.",https://dapac.es/5988-large_default/Fresh-mediterranean-blend-adult-mini-Low-Grain-7Kg.jpg,,
Pienso Fresh Pollo y Arroz Adult Large,Fresh,pienso-perros,perro,14 kg,41.90,,Alimento completo para perros adultos de razas grandes. Receta monoproteica.,"El alimento seco Fresh Mediterranean Blend Adult Large es una dieta completa diseñada específicamente para perros adultos de razas grandes que utilizan el pollo como ingrediente principal. Esta fórmula destaca por su alta calidad nutricional, con un 100% de proteína animal, un 50% de pollo total y un 20% de pollo fresco.","Pollo deshidratado, pollo fresco (Después de extrusión 20%, arroz entero 15%, trigo, maíz, aceite de pollo, cebada, hidrolizado de hígado de pollo, guisantes 3%, remolacha 2%, levaduras (fuente de MOS), zanahoria 1%, manzana 1%, aceite de oliva, achicoria (fuente de FOS), sustancias minerales y Yucca schidigera.",https://dapac.es/3496-large_default/Fresh_mediterranean_blend_adult_large_14kg___CP_CP.jpg,,
Pienso Fresh Cordero y Arroz,Fresh,pienso-perros,perro,12 kg,44.90,,Alimento completo low grain para perros adultos.,"Alimento completo low grain para perros adultos. Cordero como ingrediente principal (fresco 20% + deshidratado) y 80% proteína animal. Con arroz integral y cebada; sin trigo, soja ni azúcares añadidos. Aceite de oliva, Omega 3 (EPA+DHA 400 mg/kg) y Omega 6 para piel y pelo; MOS/FOS + Yucca para digestión suave. ","Cordero deshidratado, cordero fresco (Después de extrusión) 20%, maíz*, arroz integral 12,5%*, cebada*, guisantes 6%*, aceite de pollo fuente de Omega 6, manzana 2,5%*, hidrolizado de hígado de cordero, remolacha 2,1%*, levaduras fuente de MOS 1%, zanahoria 1%, aceite de pescado, aceite de oliva 0,5%* y achicoria fuente de FOS 0,2%*.",https://dapac.es/4930-large_default/Fresh-mediterranean-blend-adult-lamb-12kg.jpg,,
Pienso Fresh Pollo y Arroz Perro Senior,Fresh,pienso-perros,perro,12 kg,40.90,,Receta de pollo con arroz. Bajo en cereales Monoproteico. Bajo en grasas.,"Alimento completo para perros adultos de todas las razas. Receta de pollo con arroz. Bajo en cereales Monoproteico. Bajo en grasas. Apto también para perros esterilizados. 100% proteína animal.  50% total carne. 80% pollo + 20% pollo fresco.

Formato de 12 kg. Tamaño de la croqueta: 14 mm.","Pollo deshidratado, pollo fresco (Después de extrusión)20%, cebada, arroz entero 10%, guisantes 6%, maíz, remolacha 4%, aceite de pollo, hidrolizado de hígado de pollo, zanahoria 1%, manzana 1%, aceite de oliva, achicoria y Yucca schidigera para reducir el olor de las heces.",https://dapac.es/4200-large_default/Fresh-mediterranean-blend-senior-light-12kg-.jpg,,
Pienso Fresh Pollo y Arroz Para Cachorros,Fresh,pienso-perros,perro,12 kg,42.90,,Receta mediterránea natural diseñada específicamente para el crecimiento saludable de los cachorros.,"La receta ""Fresh Mediterranean Blend Puppy"" combina pollo fresco (20%) y deshidratado (26%) con arroz integral, verduras y aceites ricos en Omega 6, cuidando el crecimiento y el bienestar de tu cachorro desde su primer bocado. Cuenta con un 80% de proteínas de origen animal y un bajo contenido en cereales, este alimento completo incluye ingredientes 100% naturales, antioxidantes vegetales y aceite de oliva para una digestión saludable y un desarrollo óptimo. Receta Sin trigo, sin azúcares añadidos, sin conservantes artificiales. ","Pollo deshidratado (Después de extrusión) 26%, pollo fresco 20%, arroz integral 12,5%, maíz, salvado de arroz, aceite de pollo, guisantes 3%, remolacha 3%, hidrolizado de hígado de pollo, minerales, levaduras (MOS 1%), aceite de pescado, zanahoria 1%, manzana 1%, achicoria (FOS 1%), aceite de oliva 0,5%)y Yucca.",https://dapac.es/4731-large_default/Fresh-mediteranean-blend-puppy-12kg.jpg,,
Pienso Zen Low Grain Pollo Perro Mediano,Zen Low Grain,pienso-perros,perro,12 kg,52.90,,Alimento completo para perros adultos de razas medianas a partir de los 12 meses de edad,"Alimento completo para perros adultos de razas medianas a partir de los 12 meses de edad.70% total pollo. 40% carne de pollo cruda. 90% digestibilidad. Rico en antioxidantes, Omega 3 y Omega 6. EPA+DHA. Formato 12 kg. ","Pollo fresco (Después de extrusión) 40%, pollo deshidratado 25%, arroz integral 12%, guisantes 8%, hidrolizado de hígado de pollo y grasa de ave. Incluye GOOD + FEEL COMPLEX (10%): manzana, semillas de linaza, harina de pescado, zanahoria, brócoli, tomate, arándanos y Yucca schidigera.",https://dapac.es/3368-large_default/Zen_Imagine_Low_Grain_Medium_Adult_Chicken_12kg.jpg,,
Pienso Zen Low Grain Pollo Perro Grande,Zen Low Grain,pienso-perros,perro,12 kg,52.90,,Alimento completo para perros adultos de razas grandes a partir de los 15 meses de edad.,Alimento completo para perros adultos de razas grandes a partir de los 15 meses de edad. 70% total pollo. 40% carne de pollo cruda. 90% digestibilidad. Formato 12 kg.,"Pollo fresco (Después de extrusión) 40%, pollo deshidratado 25%, arroz integral, guisantes, hidrolizado de hígado de pollo 5%, aceite de pollo, pulpa de manzana, harina de pescado y semillas de linaza. Incluye vegetales y hierbas como zanahoria, manzanilla, brócoli, tomate y arándanos para un soporte antioxidante completo.",https://dapac.es/2441-large_default/Zen_Imagine_Low_Grain_Large_Adult_Chicken_12kg.jpg,,
Pienso Zen Low Grain Pollo Perro Senior,Zen Low Grain,pienso-perros,perro,12 kg,53.90,,Alimento completo para perros adultos de los 7 años de edad.,Alimento completo para perros adultos de los 7 años de edad. 70% total pollo. 40% carne de pollo cruda. 90% digestibilidad. Formato 12 kg. ,"Pollo fresco (Después de extrusión) 40%, pollo deshidratado 25%, arroz integral 15%, maíz e hidrolizado de hígado de pollo. Incluye el exclusivo GOOD+FEEL COMPLEX (10%) con remolacha, aceite de pescado rico en Omega-3, semillas de linaza, Yucca schidigera y extractos cítricos.",https://dapac.es/3292-large_default/Zen_Imagine_Low_Grain_Adult_Senior_12kg.jpg,,
Pienso Zen Low Grain Pollo Light,Zen Low Grain,pienso-perros,perro,12 kg,53.90,,"Alimento completo para perros adultos de razas medianas y grandes con sobrepeso, tendencia al sobrepeso o esterilizados.","Alimento completo para perros adultos de razas medianas y grandes con sobrepeso, tendencia al sobrepeso o esterilizados. 67% total pollo. 40% carne de pollo cruda. 90% digestibilidad. Rico en antioxidantes. EPA+DHA. Formato 12 kg.","Pollo fresco (Después de extrusión) 40%, pollo deshidratado 25%, guisantes 10%, cebada integral y arroz integral. Contiene el exclusivo GOOD + FEEL COMPLEX (12%) con manzana, remolacha (fuente de fibra), avena integral, semillas de linaza y extractos de frutos rojos para un soporte antioxidante completo.",https://dapac.es/2436-large_default/Zen_Imagine_Low_Grain_Adult_light_medium_maxi_12kg.jpg,,
Pienso Zen Low Grain Cordero,Zen Low Grain,pienso-perros,perro,12 kg,57.90,,Alimento completo para perros adultos de cualquier raza a partir de los 12 meses de edad.,Alimento completo para perros adultos de cualquier raza a partir de los 12 meses de edad. 70% auténtico cordero. 40% carne de cordero fresca. Alta digestibilidad. Formato de 12 kg.,"Cordero fresco (Después de extrusión) 40%, cordero deshidratado 25%, arroz integral 15%, hidrolizado de hígado de cordero, maíz entero y patata. Incluye GOOD + FEEL COMPLEX con aceite de pescado, semillas de linaza, inulina, yucca schidigera, glucosamina y condroitina para el soporte articular.",https://dapac.es/2447-large_default/Zen_Imagine_Low_Grain_Adult_Lamb_12kg.jpg,,
Pienso Zen Low Grain Salmón,Zen Low Grain,pienso-perros,perro,12 kg,59.90,,Alimento completo para perros adultos de razas mediana y grande a partir de los 12 meses de edad.,"Alimento completo para perros adultos de razas mediana y grande a partir de los 12 meses de edad. 70% auténtico salmón. 40% salmón fresco. 90% alta digestibilidad. 82% total proteína de salmón. 0% soja, trigo y maíz. Formato de 12 kg.","Salmón fresco (Después de extrusión) 40%, salmón deshidratado 25%, patata 9%, hidrolizado de salmón, arroz integral, guisantes 5% y GOOD + FEEL COMPLEX (11%): aceite de pollo, levaduras, manzana, linaza, algarroba, aceite de pescado, minerales, inulina (FOS), MOS, zanahoria, cítricos, manzanilla, brócoli, tomate, jengibre, yucca schidigera y arándanos.",https://dapac.es/2449-large_default/Zen_Imagine_Low_Grain_Adult_medium_large_Sensitive_12kg.jpg,,
Pienso Zen Low Grain Salmón Talla Mini,Zen Low Grain,pienso-perros,perro,8 kg,46.90,,Alimento completo para perros adultos de razas pequeñas a partir de los 12 meses de edad.,"Alimento completo para perros adultos de razas pequeñas a partir de los 12 meses de edad. 70% auténtico salmón. 40% salmón fresco. 90% alta digestibilidad. 82% total proteína de salmón. 0% soja, trigo y maíz. Formato de 8 kg.","Salmón fresco (Después de extrusión) 40%, salmón deshidratado 25%, patata 9%, arroz integral, guisantes 5% y GOOD + FEEL COMPLEX (10%): una exclusiva mezcla de manzana, linaza, aceite de pescado (rico en Omega-3), jengibre, brócoli, arándanos y Yucca schidigera para reducir el olor de las deposiciones.",https://dapac.es/2475-large_default/Zen_Imagine_Low_Grain_Adult_Mini_Sensitive_8kg.jpg,,
Pienso Zen Low Grain Pollo Talla Mini,Zen Low Grain,pienso-perros,perro,8 kg,42.90,,Alimento completo para perros adultos de razas pequeñas a partir de los 10 meses de edad.,Alimento completo para perros adultos de razas pequeñas a partir de los 10 meses de edad. 70% real pollo. 40% carne de pollo cruda. 90% digestibilidad. Formato de 8 kg. ,"Pollo fresco (Después de la extrusión) 40%, pollo deshidratado 25%, arroz integral 10%, guisantes 8%, hidrolizado de hígado de pollo y aceite de pollo. Enriquecido con GOOD + FEEL COMPLEX (8%): una mezcla de manzana, linaza, zanahoria, manzanilla, brócoli y arándanos para reforzar el sistema inmunológico.",https://dapac.es/2433-large_default/Zen_Imagine_Low_Grain_Mini_Adult_8kg.jpg,,
Pienso Zen Low Grain Pollo Light/Senior Talla Mini,Zen Low Grain,pienso-perros,perro,8 kg,43.90,,Alimento completo para perros adultos de razas pequeñas con sobrepeso o con tendencia al sobrepeso.,Alimento completo para perros adultos de razas pequeñas con sobrepeso o con tendencia al sobrepeso. 67% total pollo. 40% carne de pollo cruda. 90% digestibilidad ,"Pollo fresco (Después de extrusión) 40%, pollo deshidratado 25%, guisantes 9%, cebada integral y arroz integral 4%. Enriquecido con el complejo GOOD + FEEL (12%): manzana, avena, semillas de linaza, remolacha, brócoli, arándanos y extractos de cítricos.",https://dapac.es/2458-large_default/Zen_Imagine_Low_Grain_Light_Mini_Adult_8_kg.jpg,,
Pienso Zen Low Grain Pollo Cachorro,Zen Low Grain,pienso-perros,perro,12 kg,52.90,,"Alimento completo para cachorros de razas medianas y grandes desde los 2 hasta los 15-18 meses de edad, según tamaño.","Alimento completo para cachorros de razas medianas y grandes desde los 2 hasta los 15-18 meses de edad, según tamaño. 70% auténtico pollo. 40% pollo fresco. 18% fruta y vegetales. 0% soja, trigo, maíz. 90% digestibilidad. Apto también para madres de razas medianas y grandes durante la última fase de gestación y lactancia. Formato 12 kg.","Pollo fresco (Después de extrusión) 40%, pollo deshidratado 25%, arroz integral 10%, guisantes 9% y GOOD + FEEL COMPLEX (11%): una combinación funcional de manzana, linaza, arándanos, zanahoria, manzanilla y prebióticos (FOS y MOS) para una microbiota intestinal sana.",https://dapac.es/2573-large_default/Zen_Imagine_Low_Grain_Puppy_Medium_Maxi_12_KG__.jpg,,
Pienso Zen Low Grain Pollo Cachorro Mini,Zen Low Grain,pienso-perros,perro,8 kg,43.90,,Alimento premium completo para cachorros de razas mini o razas pequeñas de los 2 a los 10 meses de edad.,"Alimento premium completo para cachorros de razas mini o razas pequeñas de los 2 a los 10 meses de edad. 70% auténtico pollo. 40% pollo fresco. 18% fruta y vegetales. 0% soja, trigo y maíz. 90% digestibilidad. Rico en fibra y prebióticos. Formato 8 kg. ","Pollo fresco (después de extrusión) 40%, proteína deshidratada de pollo 25%, arroz integral 10%, guisantes 6% e hidrolizado de hígado de pollo. Incluye el exclusivo GOOD + FEEL COMPLEX (14%) con manzana, algarroba, semillas de linaza, zanahoria, brócoli, tomate y arándanos.",https://dapac.es/2576-large_default/Zen_Imagine_Low_Grain_Puppy_Mini_8kg.jpg,,
Pienso Zen Grain Free Pollo-Pavo-Pato,Zen Free Grain,pienso-perros,perro,12 kg,63.90,,"Alimento superpremium para perros adultos de todas las razas cuyo ingrediente principal es el pollo fresco, pato y pavo.","Alimento superpremium para perros adultos de todas las razas cuyo ingrediente principal es el pollo fresco, pato y pavo. 80% proteína animal, 60% verdadera carne, 20% frutas y vegetales y 0% cereales. Formato de 12 kg.","Pollo fresco (Después de la extrusión) 33%, pato, pavo y pollo deshidratados (21%), patata, guisantes, manzana, aceite de pollo, hígado de ave, huevo, semilla de linaza, calabaza (1%), aceite de pescado, krill, arándanos azules, jengibre, glucosamina y condroitina para la salud articular.",https://dapac.es/2535-large_default/Zen_Countrys_Best_Chicken__Duck_and_Turkey_Adult_12kg.jpg,,
Pienso Zen Grain Free Pollo-Pavo-Pato Talla Mini,Zen Free Grain,pienso-perros,perro,8 kg,49.90,,Alimentación super premium para perros adultos de razas pequeñas o razas mini.,"Alimentación super premium para perros adultos de razas pequeñas o razas mini. Ingredientes principales: pollo fresco, pato, pavo. 80% proteína animal, 60% verdadera carne, 20% frutas y vegetales, 0% cereales. Formato de 8 kg. ","Pollo fresco (Después de extrusión) 34%. Pollo, pavo y pato deshidratado 22%. Patata 18%. Guisantes 10%. Aceite de pollo 6%. Manzana 4%. Hígado dea ve. Huevos enteros 2%. Levaduras. Minerales. Calabaza 1%. Aceite de pescado. Krill. Arándanos. Jengibre. Inulina (fuentede FOS). Manano-oligosacáridos (MOS). Manzanilla. Hinojo. Caléndula. Glucosamina. Yucca schidigera. Sulfato de condroitina.",https://dapac.es/2536-large_default/Zen_Country_s_Best_Mini___Chicken__Duck_and_Turkey_8kg.jpg,,
Pienso Zen Grain Free Salmón,Zen Free Grain,pienso-perros,perro,12 kg,69.90,,Alimentación super premium para perros adultos hipoalergénicos. Cero cereal.,"La variedad Zen Healthy Fish de Zen Natural Balanced Nutrition cuenta con el salmón fresco y pescado blanco como ingredientes principales. Se trata de un alimento seco super premium desarrollado para perros adultos de cualquier raza. Su fórmula se basa en 80% proteína animal, 20% frutas y vegetales y 0% cereales.","Salmón fresco (después de extrusión) 33%, pescado blanco deshidratado 23%, patata 17%, guisantes 9%, aceite de pollo 6%, manzana 6%, hígado de salmón hidrolizado, semilla de linaza, calabaza 1%, levaduras, minerales, krill, arándanos azules, jengibre, inulina (fuente de FOS), manano-oligosacáridos (MOS), manzanilla, hinojo, caléndula, glucosamina 500 mg/kg (ratio 5:1), Yucca schidigera, sulfato de condroitina 100 mg/kg (ratio 1:5).",https://dapac.es/2539-large_default/Zen_Healthy_Fish_Salmon_and_White_fish_12kg.jpg,,
Pienso Zen Grain Free Conejo Light,Zen Free Grain,pienso-perros,perro,10 kg,64.90,,"Zen Grain Free Rabbit Light & Fit es un alimento ultra hipoalergénico, natural y balanceado, diseñado para mantener a tu perro activo y saludable sin cereales.","Zen ""Grain Free Rabbit Light & Fit"" ofrece una nutrición natural y balanceada con carne de conejo fresco como ingrediente principal . Especialmente formulado para perros adultos de todas las razas, contiene un 72% de proteína de origen animal, 45% de ingredientes de origen animal y un 0% de cereales.

Ideal para mantener a tu perro activo y saludable. Alimento ultra hipoalergénico.","Conejo fresco (Después de extrusión) 20%, conejo deshidratado 17%, patata, guisantes, tapioca, remolacha, Super Food Complex (23%) Manzana, aceite de cerdo, proteína de conejo, semilla de linaza, hígado de conejo (para mayor palatabilidad), aceite de pescado, manzana, fibras vegetales, inulina (FOS), glucosamina (500 mg/kg) y condroitina (100 mg/kg).",https://dapac.es/4543-large_default/zen-grain-free-rabbit-light-fit-adult-10kg.jpg,,
Pienso Zen Grain Free Pollo,Zen Free Grain,pienso-perros,perro,12 kg,64.90,,Alimentación super premium para perros cuyo ingrediente principal es el pollo fresco.,"Alimentación super premium para perros cuyo ingrediente principal es el pollo fresco. Apto para perros adultos de todas las razas. 80% proteína animal, 60% verdadera carne, 20% frutas y vegetales y 0% cereales. ",Pollo fresco (Después de extrusión) 33%. Pollo deshidratado 21%. Patata 20%. Guisantes 11%. Aceite de pescado 5%. Manzana 4% Hígado de ave. Huevos enteros 1%. Semilla de linaza. Grasa de ave. Minerales. Calabaza 1%. Levaduras. Krill. Arándanos azules. Jengibre. Inulina (fuente de FOS). Manano-oligosacáridos (MOS). Manzanilla. Hinojo. Caléndula. Glucosamina 1000mg/kg. Sulfato de condroitina 300mg/kg. Yucca schidigera.,https://dapac.es/2530-large_default/Zen_Strong_Joints_Adult_Med_Maxi_12kg.jpg,,
Pienso Zen Grain Free Pollo-Pavo-Pato Senior/Light,Zen Free Grain,pienso-perros,perro,12 kg,64.90,,Alimento seco grain free e hipoalergénico para perros adultos o senior. ,"Alimento seco grain free e hipoalergénico para perros adultos o senior. Con pollo fresco, pato y pavo, 85% proteína animal y superfoods como krill, linaza y arándanos. Favorece el control de peso, la digestión y el brillo del pelaje.","Pollo fresco (despúes de la extrusión) 33%*. Pollo, pavo y pato deshidratado 25%. SUPER FOOD COMPLEX 42%: Hidrolizado de hígado de pollo (digest natural). Guisantes*. Patata*. Remolacha*. Tapioca*. Manzana*. Patata dulce*. Huevo*. Lignocelulosa (fibra - sensación saciedad). Aceite de pollo (fuente de ácidos grasos Omega 6). Semilla de linaza*. Proteína de patata (proteína libre de cenizas). Proteína de fermentacion (muy digestible sin cenizas). Proteína de guisantes (proteína libre de cenizas). Levaduras. Calabaza*. Aceite de pescado. Mine- rales. Krill*. Arándanos*. Inulina (fuente de FOS) 100 mg/kg*. Pared celular hidrolizada de levaduras (fuente de MOS) 100 mg/kg. Manzanilla*. Jengibre*. Hinojo*. Caléndula*. Glucosamina 500 mg/kg. Yucca schidigera*. Condroitina 100 mg/kg.",https://dapac.es/5529-large_default/Zen-Countrys-Best-Light-pavo-pollo-pato-Adult-12kg.jpg,,
Pienso Zen Grain Free Pollo-Pavo-Pato Cachorro,Zen Free Grain,pienso-perros,perro,12 kg,66.90,,Alimentación superpremium para cachorros de todas las razas. ,"Alimentación superpremium para cachorros de todas las razas. Los ingredientes principales son el pollo, el pato y el pavo. Su fórmula se basa en 80% proteína animal, 60% verdadera carne, 20% frutas y vegetales y 0% cereales. Formato de 12 kg.","Pollo fresco (Después de la extrusión) 33%. Pato, pavo y pollo deshidratado 23%. Patata 12%. Guisantes 11%. Aceite de pollo 5%. Garrofa tostada. Manzana 4%. Hígado de ave. Huevos enteros. Levaduras. Calabaza 1%. Minerales. Aceite de pescado. Krill. Arándanos azules. Inulina (fuente de FOS). Manano-oligosacáridos (MOS). Jengibre. Extractos de cítricos. Manzanilla. Caléndula. Hinojo. Glucosamina. Yucca schidigera. Sulfato de condroitina.",https://dapac.es/2537-large_default/Zen_Country_s_Best_Puppy___Chicken__Duck_and_Turkey_12kg.jpg,,
Pienso Zen Grain Free Salmón Cachorro,Zen Free Grain,pienso-perros,perro,12 kg,69.90,,Alimento seco premium hipoalergénico especialmente diseñado para cachorros de todas las razas.,"Alimento seco premium hipoalergénico especialmente diseñado para cachorros de todas las razas. Formulado con salmón fresco 33% y pescado blanco deshidratado 23%, ofrece proteínas de alta calidad, fáciles de digerir y con un sabor irresistible. Su receta grain free y gluten free contiene un 85% de proteína de origen animal y un 60% de ingredientes animales, lo que favorece un desarrollo muscular óptimo, una digestión saludable y una energía equilibrada durante la etapa de crecimiento.","Salmón fresco (33%), pescado blanco deshidratado (23%), patata, tapioca, aceite de pollo, manzana, guisantes, patata dulce, hidrolizado de pescado, remolacha, algarroba, proteína de patata, linaza, calabaza, levaduras, krill, arándanos, inulina (FOS), MOS, manzanilla, jengibre, hinojo, caléndula, glucosamina (500 mg/kg), condroitina (100 mg/kg) y Yucca schidigera.",https://dapac.es/5528-large_default/Zen-Countrys-Best-Healthy-Fish-Puppy-12kg.jpg,,
Paté Zen Prescription Cerdo & Vegetales,Zen Paté,humeda-perros,perro,400 g,3.95,,Zen Paté Prescription Cerdo & Vegetales: Especialista en Recuperación Digestiva (400g).,"La receta de Cerdo Fresco & Vegetales es un alimento dietético completo de uso veterinario. Su fórmula Low Grain utiliza el arroz como fuente de energía suave, combinada con proteínas seleccionadas de cerdo para ofrecer una solución eficaz en perros con sensibilidad digestiva extrema o insuficiencia pancreática crónica.","Cerdo (47%), hígado de cerdo, arroz, pulpa de remolacha, harina de algarroba, aceite de pescado, FOS, nucleótidos, MOS, taurina y cúrcuma.",https://dapac.es/5854-large_default/ZEN-400g-CAN-PATE-INTESTINAL-FORMULA-DIETA.jpg,,
Pienso Cat#1 Tradition,CAT#1,pienso-gatos,gato,18 kg,27.90,,Alimento completo para gatos adultos de cualquier raza.,"Alimento completo para gatos adultos de cualquier raza. Receta de pollo con ternera. 100% ingredientes naturales, 44% total carne, 26% pollo","Pollo deshidratado 26%, ternera deshidratada 18%, arroz, grasa animal, maíz entero, cebada integral, algarroba, hidrolizado hígado de pollo, uva, levadura de cerveza, oligoelementos, Yucca Schidigera, antioxidantes y conservantes naturales.",https://dapac.es/3800-large_default/CAT-1-Tradition-18-kg---DIRECTO.jpg,,
Pienso Fresh Pollo y Vegetales,Fresh,pienso-gatos,gato,6 kg,23.90,,Alimento completo para gatos adultos de cualquier raza. Receta de pollo con vegetales elaborada con verdadera carne fresca.,"Alimento completo para gatos adultos de cualquier raza. Receta de pollo con vegetales elaborada con verdadera carne fresca. 100% ingredientes naturales, 55% total carne, 20% pollo fresco. Específico para el control de peso y para reducir la formación de cálculos. Formato de 6 kg. Tamaño de la croqueta: 12 mm. Este producto incluye pegatina de precio.","Carnes 30% (carne de pollo deshidratada 20%. carne de cerdo deshidratada 5%. carne de ternera y cordero deshidratadas 5%). Maíz entero. Pollo fresco 20%. Arroz integral (fuente de fibra). Harina de trigo integral (fuente de fibra). Guisantes 3%. Aceite de ave (fuente de ácidos grasos Omega 6). Gluten de maíz. Remolacha 3%. Salmón. Hidrolizado de hígado de pollo. Levaduras (fuente de MOS) 1%. Fibras vegetales (celulosa). Sustancias minerales. Zanahoria 1%. Manzana 1%. Aceite de oliva. Achicoria (fuente de FOS) 0,20%. Yucca schidigera 200 mg/kg.",https://dapac.es/3388-large_default/Adult_fit_6kg_Fresh_Cat_mediterranean_blend___CP_CP.jpg,,
Pienso Fresh Mezcla Mediterránea Esterilizado,Fresh,pienso-gatos,gato,6 kg,25.90,,Alimento completo para gatos esterilizados de cualquier raza.,"Alimento completo para gatos esterilizados de cualquier raza. Receta elaborada con 100% ingredientes naturales, 55% total carne y 20% pollo fresco. Bajo en grasas y saciante, evitando la subida de peso. Formato de 6 kg. Tamaño de la croqueta: 12 mm. ","Carnes 30% (carne de pollo deshidratada 20%. carne de cerdo deshidratada 5%. carne de ternera y cordero deshidratadas 5%). Maíz entero. Pollo fresco 20%. Arroz integral (fuente de fibra). Harina de trigo integral (fuente de fibra). Guisantes 3%. Aceite de ave (fuente de ácidos grasos Omega 6). Gluten de maíz. Remolacha 3%. Salmón. Hidrolizado de hígado de pollo. Levaduras (fuente de MOS) 1%. Fibras vegetales (celulosa). Sustancias minerales. Zanahoria 1%. Manzana 1%. Aceite de oliva. Achicoria (fuente de FOS) 0,20%. Yucca schidigera 200 mg/kg.",https://dapac.es/3389-large_default/Sterilized_Fresh_Cat_mediterranean_blend_6kg___CP_CP.jpg,,
Pienso Fresh Mezcla Mediterránea Cachorro,Fresh,pienso-gatos,gato,6 kg,26.90,,Alimento completo para gatitos pequeños de todas las razas. Receta elaborada con verdadera carne fresca con vegetales.,"Alimento completo para gatitos pequeños de todas las razas. Receta elaborada con verdadera carne fresca con vegetales. 100% ingredientes naturales. 55% total carne. 20% pollo fresco. Contiene Omega 3+6, EPA+DHA además de prebióticos. Tamaño de la croqueta: 8 mm. Formato de 6 kg.",Pollo fresco 20%. Carne de pollo deshidratada. Maíz entero. Guisantes. Harina trigo integral. Aceite de pollo (fuente de ácidos grasos Omega 6). Carne de cerdo deshidratada 8%. Arroz integral (fuente de fibra). Carne deshidratada de cordero 3%. Levaduras (fuente de MOS). Gluten de maíz. Hidrolizado de hígado de pollo. Harina de Pescado. Remolacha 1%. Manzana 1%. Zanahoria 1%. Achicoria (fuente de FOS). Aceite de oliva. Sustancias minerales. Yucca schidigera.,https://dapac.es/3521-large_default/Super_Kitten_6_kg_Fresh_Cat_mediterranean_blend____CP_CP.jpg,,
Pienso Fresh Mezcla Mediterránea SIN CEREAL,Fresh,pienso-gatos,gato,4 kg,26.90,,Alimento completo sin cereales para gatos esterilizados.,"Alimento completo sin cereales para gatos esterilizados. Elaborado con pollo fresco, tapioca e ingredientes 100% naturales. Con 82% de proteína animal, hipoalergénico, sin gluten. Nutrición ligera, sabrosa y saludable para el bienestar diario de tu gato.","Carnes deshidratadas 29% (mín. pollo 24%, mín. cerdo 1%). Pollo fresco. Patata 3%, almidón de patata 3%, remolacha, levaduras 0,57% (fuente de MOS). Aceite de pescado. Lignocelulosa. Aceite de oliva 0,1%. Zanahoria 0,1%. Achicoria 0,1% (fuente de FOS). Yucca 200 mg/kg.",https://dapac.es/4387-large_default/Fresh-Cat-Grain-Free-adult-mediterranean-blend-pollo-y-tapioca-4kg.jpg,,
Pienso Zen Cat Grain Free Pollo y Patata,Zen Free Grain,pienso-gatos,gato,8 kg,51.90,,Alimento completo para gatos en edad adulta.,Zen Cat Grain Free pollo y patata. Alimento completo para gatos en edad adulta. Sin cereales. 33% pollo fresco. Sin cereales. Formato de 8 kg.,"Pollo fresco (33%), pollo deshidratado, patata, aceites y grasas, hidrolizado de hígado de pollo, levaduras, pulpa de remolacha, guisantes,  cloruro sódico, aceite de pescado, polifosfatos de sodio, cloruro potásico, inulina (FOS), manano-oligosacáridos, (MOS), jengibre, yucca schidigera.",https://dapac.es/1297-large_default/Zen_Cat_Grain_Free_Chicken_and_Potato_8_kg.jpg,,
Pienso Zen Cat Grain Free Salmón y Patata,Zen Free Grain,pienso-gatos,gato,8 kg,58.90,,Alimento completo para gatos en edad adulta.,Zen Cat Grain Free salmón y patata. Alimento completo para gatos en edad adulta. Sin cereales. 33% salmón fresco. Sin cereales. Formato de 8 kg.,"Salmón fresco (33%), salmón deshidratado, patata, aceites y grasas, hidrolizado de salmón, levaduras, harina de garrofa, proteína de patata, pulpa de remolacha, fibras vegetales. Polisfato de sodio. Insulina (FOS 0,1%). Manano-oligosacáridos, (MOS), Cloruro de potasio, yucca schidigera, extractos de cítricos.",https://dapac.es/3664-large_default/Zen_Cat_Grain_Free_salmon_y_patata_8_kg.jpg,,
Paté Zen Pavo Fresco Monoproteico,Zen Paté,humeda-perros,perro,400 g,3.30,,Máxima Digestibilidad y Control de Alergias (400g).,"• Alimento completo para tu perro
• Proteína Blanca Limpia: 97% pavo fresco, ideal para sustituir al pollo en perros con sensibilidades.
• Ligero y Saludable: Bajo en grasas saturadas y enriquecido con un 3% de aceite de oliva.
• Seguridad Alimentaria: Grain Free, Gluten Free y sin ningún tipo de aditivo artificial.
• Hidratación y Sabor: Formato paté de alta palatabilidad"," Pavo fresco (97%), Aceite de oliva (3%). Sin azúcares añadidos.",https://dapac.es/5849-large_default/ZEN-400g-CAN-PAT-MONO-Turkey-DOG.jpg,,
Paté Zen Ternera Fresca Monoproteico,Zen Paté,humeda-perros,perro,400 g,3.30,,Energía y Vitalidad Muscular (400g).,"• Alimento completo para tu perro
• Poder de la Carne Roja: 97% ternera fresca para un aporte superior de hierro y proteína de alta calidad.
• Alto Rendimiento: Especialmente indicada para perros activos que requieren una recuperación muscular eficiente.
• Sabor Irresistible: Aroma natural e intenso que conquista a los paladares más exigentes.
• Máxima Seguridad: Sin cereales, sin gluten y sin aditivos artificiales para una digestión sin riesgos.
• Blister 12 uds. ","Ternera fresca (97%), Aceite de oliva (3%). Sin azúcares añadidos.",https://dapac.es/5853-large_default/ZEN-400g-CAN-PAT-MONO-Veal-DOG.jpg,,
Paté Zen Conejo Fresco Monoproteico,Zen Paté,humeda-perros,perro,400 g,3.30,,La Solución Hipoalergénica Definitiva (400g).,"• Alimento completo para tu perro
• Monoproteica: Elaborado con un 97% de conejo fresco como única fuente de proteína animal. Sin mezclas ni trazas.
• Efecto Antiinflamatorio: Enriquecido con un 3% de aceite de oliva, ideal para cuidar la piel y mejorar la digestión.
• 100% Libre de Alérgenos: Receta Grain Free, Gluten Free y sin colorantes ni conservantes artificiales.
• Dieta de Exclusión: La mejor herramienta para perros con alergias severas, dermatitis o estómagos ultra sensibles.
• Proteína de descarte: Al ser una carne poco común, el conejo minimiza el riesgo de reacciones alérgicas previas.
• Blister 12 uds. "," Conejo fresco (97%), Aceite de oliva (3%). Sin colorantes ni azúcares añadidos.",https://dapac.es/5848-large_default/ZEN-400g-CAN-PAT-MONO-Rabbit-DOG.jpg,,
Paté Zen Cordero Fresco Monoproteico,Zen Paté,humeda-perros,perro,400 g,3.30,,Nutrición Densa y Sabor Irresistible (400g).,"• Alimento completo para tu perro
• Energía Natural: 97% cordero fresco, aportando las calorías necesarias para perros activos o en recuperación.
• Hipoalergénico Clásico: Una sola fuente de proteína para evitar alergias alimentarias y problemas de piel.
• Palatabilidad Superior: Aroma intenso que conquista a los perros más exigentes con la comida.
• Cuidado Digestivo: Receta Grain Free con aceite de oliva para una asimilación rápida y heces firmes.
• Blister 12 uds. "," Cordero fresco (97%), Aceite de oliva (3%). Sin colorantes ni azúcares añadidos.",https://dapac.es/5851-large_default/ZEN-400g-CAN-PAT-MONO-Lamb-DOG.jpg,,
Paté Zen Pollo Fresco Monoproteico,Zen Paté,humeda-perros,perro,400 g,3.30,,El aliado de la Digestión (400g).,"• Máxima Asimilación: 97% pollo fresco, la proteína más recomendada para dietas blandas y estómagos sensibles.
• Control Total: Una única fuente de proteína animal para eliminar riesgos de intolerancias cruzadas.
• Naturalmente Sano: Sin cereales, sin gluten y enriquecido con un 3% de aceite de oliva.
• Cuidado Muscular: Proteína de alto valor biológico para mantener la vitalidad y la masa magra.","Pollo fresco (97%), Aceite de oliva (3%). Sin colorantes ni azúcares añadidos.",https://dapac.es/5852-large_default/ZEN-400g-CAN-PAT-MONO-Chicken-DOG.jpg,,
Paté Zen Salmón Fresco Monoproteico,Zen Paté,humeda-perros,perro,400 g,3.30,,Brillo y Salud Articular (400g).,"• Concentrado de Omega-3: 97% salmón fresco que actúa como antiinflamatorio natural para piel y articulaciones.
• Proteína Alternativa: La opción más segura para perros con alergias severas a carnes comunes.
• Pelo Radiante: Con un 3% de aceite de oliva para un pelaje suave, fuerte y sin picores.
• Hipoalergénico Total: Grain Free, Gluten Free y sin colorantes ni aromatizantes artificiales.","Salmón fresco (97%), Aceite de oliva (3%). Sin colorantes ni azúcares añadidos.",https://dapac.es/5850-large_default/ZEN-400g-CAN-PAT-MONO-Salmon-DOG.jpg,,
Pienso Sum Sum Pavo y Patata,Sum Sum,pienso-perros,perro,12 kg,42.90,,DOG#1 Sum Sum Grain Free – Pavo & Patata (12 kg).,"• Monoproteico de Pavo (40% deshidratado + 10% fresco después de extrusión): Alta digestibilidad con un 77% de proteína de origen animal.
• Sin Cereales ni Gluten: Con patata como fuente de energía hipoalergénica para estómagos sensibles.
• Super Life Complex (19%): Incluye condroprotectores (glucosamina/condroitina) y superalimentos.
• Calidad KM-0: Fabricado en España con ingredientes frescos de proximidad.
• Garantía Profesional: Receta formulada por veterinarios expertos en nutrición canina.","Pavo deshidratado (46%), patata (15%), pavo fresco tras extrusión (10%), aceite de cerdo ibérico (10%), Super Life Complex 19%: remolacha, algarroba, manzana, arándanos, huevo, espirulina, espinaca, bayas de goji, aceites esenciales de orégano, té verde, condroitina 600 mg/kg, colágeno, glucosamina 900 mg/kg, levaduras, vitaminas, MOS, FOS, oligoelementos.",https://dapac.es/5982-large_default/dog-1-sum-sum-grain-free-exclusive-pavo-y-patata-12kg-arroyo.jpg,,